[{
    "Id": 1,
    "Description": "Lorem ipsum dolor sit amet, consectetur adipiscing elit. Mauris tempus ligula quis sapien ullamcorper viverra.",
    "Type": 2,
    "Status": 3
  },
  {
    "Id": 2,
    "Description": "Lorem ipsum dolor sit amet, consectetur adipiscing elit. Mauris tempus ligula quis sapien ullamcorper viverra.",
    "Type": 2,
    "Status": 3
  },
  {
    "Id": 3,
    "Description": "Lorem ipsum dolor sit amet, consectetur adipiscing elit. Mauris tempus ligula quis sapien ullamcorper viverra.",
    "Type": 1,
    "Status": 2
  },
  {
    "Id": 4,
    "Description": "Lorem ipsum dolor sit amet, consectetur adipiscing elit. Mauris tempus ligula quis sapien ullamcorper viverra.",
    "Type": 1,
    "Status": 3
  },
  {
    "Id": 5,
    "Description": "Lorem ipsum dolor sit amet, consectetur adipiscing elit. Mauris tempus ligula quis sapien ullamcorper viverra.",
    "Type": 2,
    "Status": 3
  },
  {
    "Id": 6,
    "Description": "Lorem ipsum dolor sit amet, consectetur adipiscing elit. Mauris tempus ligula quis sapien ullamcorper viverra.",
    "Type": 1,
    "Status": 3
  },
  {
    "Id": 7,
    "Description": "Lorem ipsum dolor sit amet, consectetur adipiscing elit. Mauris tempus ligula quis sapien ullamcorper viverra.",
    "Type": 2,
    "Status": 1
  },
  {
    "Id": 8,
    "Description": "Lorem ipsum dolor sit amet, consectetur adipiscing elit. Mauris tempus ligula quis sapien ullamcorper viverra.",
    "Type": 1,
    "Status": 1
  },
  {
    "Id": 9,
    "Description": "Lorem ipsum dolor sit amet, consectetur adipiscing elit. Mauris tempus ligula quis sapien ullamcorper viverra.",
    "Type": 1,
    "Status": 3
  },
  {
    "Id": 10,
    "Description": "Lorem ipsum dolor sit amet, consectetur adipiscing elit. Mauris tempus ligula quis sapien ullamcorper viverra.",
    "Type": 2,
    "Status": 1
  },
  {
    "Id": 11,
    "Description": "Lorem ipsum dolor sit amet, consectetur adipiscing elit. Mauris tempus ligula quis sapien ullamcorper viverra.",
    "Type": 2,
    "Status": 3
  },
  {
    "Id": 12,
    "Description": "Lorem ipsum dolor sit amet, consectetur adipiscing elit. Mauris tempus ligula quis sapien ullamcorper viverra.",
    "Type": 1,
    "Status": 1
  },
  {
    "Id": 13,
    "Description": "Lorem ipsum dolor sit amet, consectetur adipiscing elit. Mauris tempus ligula quis sapien ullamcorper viverra.",
    "Type": 1,
    "Status": 1
  },
  {
    "Id": 14,
    "Description": "Lorem ipsum dolor sit amet, consectetur adipiscing elit. Mauris tempus ligula quis sapien ullamcorper viverra.",
    "Type": 2,
    "Status": 3
  },
  {
    "Id": 15,
    "Description": "Lorem ipsum dolor sit amet, consectetur adipiscing elit. Mauris tempus ligula quis sapien ullamcorper viverra.",
    "Type": 1,
    "Status": 2
  },
  {
    "Id": 16,
    "Description": "Lorem ipsum dolor sit amet, consectetur adipiscing elit. Mauris tempus ligula quis sapien ullamcorper viverra.",
    "Type": 2,
    "Status": 2
  },
  {
    "Id": 17,
    "Description": "Lorem ipsum dolor sit amet, consectetur adipiscing elit. Mauris tempus ligula quis sapien ullamcorper viverra.",
    "Type": 2,
    "Status": 1
  },
  {
    "Id": 18,
    "Description": "Lorem ipsum dolor sit amet, consectetur adipiscing elit. Mauris tempus ligula quis sapien ullamcorper viverra.",
    "Type": 2,
    "Status": 1
  },
  {
    "Id": 19,
    "Description": "Lorem ipsum dolor sit amet, consectetur adipiscing elit. Mauris tempus ligula quis sapien ullamcorper viverra.",
    "Type": 1,
    "Status": 1
  },
  {
    "Id": 20,
    "Description": "Lorem ipsum dolor sit amet, consectetur adipiscing elit. Mauris tempus ligula quis sapien ullamcorper viverra.",
    "Type": 2,
    "Status": 3
  },
  {
    "Id": 21,
    "Description": "Lorem ipsum dolor sit amet, consectetur adipiscing elit. Mauris tempus ligula quis sapien ullamcorper viverra.",
    "Type": 2,
    "Status": 3
  },
  {
    "Id": 22,
    "Description": "Lorem ipsum dolor sit amet, consectetur adipiscing elit. Mauris tempus ligula quis sapien ullamcorper viverra.",
    "Type": 1,
    "Status": 3
  },
  {
    "Id": 23,
    "Description": "Lorem ipsum dolor sit amet, consectetur adipiscing elit. Mauris tempus ligula quis sapien ullamcorper viverra.",
    "Type": 1,
    "Status": 1
  },
  {
    "Id": 24,
    "Description": "Lorem ipsum dolor sit amet, consectetur adipiscing elit. Mauris tempus ligula quis sapien ullamcorper viverra.",
    "Type": 1,
    "Status": 2
  },
  {
    "Id": 25,
    "Description": "Lorem ipsum dolor sit amet, consectetur adipiscing elit. Mauris tempus ligula quis sapien ullamcorper viverra.",
    "Type": 2,
    "Status": 1
  },
  {
    "Id": 26,
    "Description": "Lorem ipsum dolor sit amet, consectetur adipiscing elit. Mauris tempus ligula quis sapien ullamcorper viverra.",
    "Type": 1,
    "Status": 3
  },
  {
    "Id": 27,
    "Description": "Lorem ipsum dolor sit amet, consectetur adipiscing elit. Mauris tempus ligula quis sapien ullamcorper viverra.",
    "Type": 1,
    "Status": 3
  },
  {
    "Id": 28,
    "Description": "Lorem ipsum dolor sit amet, consectetur adipiscing elit. Mauris tempus ligula quis sapien ullamcorper viverra.",
    "Type": 1,
    "Status": 1
  },
  {
    "Id": 29,
    "Description": "Lorem ipsum dolor sit amet, consectetur adipiscing elit. Mauris tempus ligula quis sapien ullamcorper viverra.",
    "Type": 1,
    "Status": 2
  },
  {
    "Id": 30,
    "Description": "Lorem ipsum dolor sit amet, consectetur adipiscing elit. Mauris tempus ligula quis sapien ullamcorper viverra.",
    "Type": 2,
    "Status": 1
  },
  {
    "Id": 31,
    "Description": "Lorem ipsum dolor sit amet, consectetur adipiscing elit. Mauris tempus ligula quis sapien ullamcorper viverra.",
    "Type": 2,
    "Status": 2
  },
  {
    "Id": 32,
    "Description": "Lorem ipsum dolor sit amet, consectetur adipiscing elit. Mauris tempus ligula quis sapien ullamcorper viverra.",
    "Type": 2,
    "Status": 2
  },
  {
    "Id": 33,
    "Description": "Lorem ipsum dolor sit amet, consectetur adipiscing elit. Mauris tempus ligula quis sapien ullamcorper viverra.",
    "Type": 1,
    "Status": 3
  },
  {
    "Id": 34,
    "Description": "Lorem ipsum dolor sit amet, consectetur adipiscing elit. Mauris tempus ligula quis sapien ullamcorper viverra.",
    "Type": 2,
    "Status": 2
  },
  {
    "Id": 35,
    "Description": "Lorem ipsum dolor sit amet, consectetur adipiscing elit. Mauris tempus ligula quis sapien ullamcorper viverra.",
    "Type": 1,
    "Status": 1
  },
  {
    "Id": 36,
    "Description": "Lorem ipsum dolor sit amet, consectetur adipiscing elit. Mauris tempus ligula quis sapien ullamcorper viverra.",
    "Type": 1,
    "Status": 3
  },
  {
    "Id": 37,
    "Description": "Lorem ipsum dolor sit amet, consectetur adipiscing elit. Mauris tempus ligula quis sapien ullamcorper viverra.",
    "Type": 1,
    "Status": 3
  },
  {
    "Id": 38,
    "Description": "Lorem ipsum dolor sit amet, consectetur adipiscing elit. Mauris tempus ligula quis sapien ullamcorper viverra.",
    "Type": 1,
    "Status": 3
  },
  {
    "Id": 39,
    "Description": "Lorem ipsum dolor sit amet, consectetur adipiscing elit. Mauris tempus ligula quis sapien ullamcorper viverra.",
    "Type": 1,
    "Status": 2
  },
  {
    "Id": 40,
    "Description": "Lorem ipsum dolor sit amet, consectetur adipiscing elit. Mauris tempus ligula quis sapien ullamcorper viverra.",
    "Type": 2,
    "Status": 3
  },
  {
    "Id": 41,
    "Description": "Lorem ipsum dolor sit amet, consectetur adipiscing elit. Mauris tempus ligula quis sapien ullamcorper viverra.",
    "Type": 2,
    "Status": 3
  },
  {
    "Id": 42,
    "Description": "Lorem ipsum dolor sit amet, consectetur adipiscing elit. Mauris tempus ligula quis sapien ullamcorper viverra.",
    "Type": 2,
    "Status": 1
  },
  {
    "Id": 43,
    "Description": "Lorem ipsum dolor sit amet, consectetur adipiscing elit. Mauris tempus ligula quis sapien ullamcorper viverra.",
    "Type": 1,
    "Status": 1
  },
  {
    "Id": 44,
    "Description": "Lorem ipsum dolor sit amet, consectetur adipiscing elit. Mauris tempus ligula quis sapien ullamcorper viverra.",
    "Type": 1,
    "Status": 1
  },
  {
    "Id": 45,
    "Description": "Lorem ipsum dolor sit amet, consectetur adipiscing elit. Mauris tempus ligula quis sapien ullamcorper viverra.",
    "Type": 1,
    "Status": 2
  },
  {
    "Id": 46,
    "Description": "Lorem ipsum dolor sit amet, consectetur adipiscing elit. Mauris tempus ligula quis sapien ullamcorper viverra.",
    "Type": 2,
    "Status": 2
  },
  {
    "Id": 47,
    "Description": "Lorem ipsum dolor sit amet, consectetur adipiscing elit. Mauris tempus ligula quis sapien ullamcorper viverra.",
    "Type": 1,
    "Status": 3
  },
  {
    "Id": 48,
    "Description": "Lorem ipsum dolor sit amet, consectetur adipiscing elit. Mauris tempus ligula quis sapien ullamcorper viverra.",
    "Type": 1,
    "Status": 1
  },
  {
    "Id": 49,
    "Description": "Lorem ipsum dolor sit amet, consectetur adipiscing elit. Mauris tempus ligula quis sapien ullamcorper viverra.",
    "Type": 1,
    "Status": 3
  },
  {
    "Id": 50,
    "Description": "Lorem ipsum dolor sit amet, consectetur adipiscing elit. Mauris tempus ligula quis sapien ullamcorper viverra.",
    "Type": 2,
    "Status": 2
  },
  {
    "Id": 51,
    "Description": "Lorem ipsum dolor sit amet, consectetur adipiscing elit. Mauris tempus ligula quis sapien ullamcorper viverra.",
    "Type": 1,
    "Status": 3
  },
  {
    "Id": 52,
    "Description": "Lorem ipsum dolor sit amet, consectetur adipiscing elit. Mauris tempus ligula quis sapien ullamcorper viverra.",
    "Type": 1,
    "Status": 2
  },
  {
    "Id": 53,
    "Description": "Lorem ipsum dolor sit amet, consectetur adipiscing elit. Mauris tempus ligula quis sapien ullamcorper viverra.",
    "Type": 2,
    "Status": 1
  },
  {
    "Id": 54,
    "Description": "Lorem ipsum dolor sit amet, consectetur adipiscing elit. Mauris tempus ligula quis sapien ullamcorper viverra.",
    "Type": 2,
    "Status": 1
  },
  {
    "Id": 55,
    "Description": "Lorem ipsum dolor sit amet, consectetur adipiscing elit. Mauris tempus ligula quis sapien ullamcorper viverra.",
    "Type": 1,
    "Status": 1
  },
  {
    "Id": 56,
    "Description": "Lorem ipsum dolor sit amet, consectetur adipiscing elit. Mauris tempus ligula quis sapien ullamcorper viverra.",
    "Type": 2,
    "Status": 3
  },
  {
    "Id": 57,
    "Description": "Lorem ipsum dolor sit amet, consectetur adipiscing elit. Mauris tempus ligula quis sapien ullamcorper viverra.",
    "Type": 2,
    "Status": 3
  },
  {
    "Id": 58,
    "Description": "Lorem ipsum dolor sit amet, consectetur adipiscing elit. Mauris tempus ligula quis sapien ullamcorper viverra.",
    "Type": 1,
    "Status": 3
  },
  {
    "Id": 59,
    "Description": "Lorem ipsum dolor sit amet, consectetur adipiscing elit. Mauris tempus ligula quis sapien ullamcorper viverra.",
    "Type": 2,
    "Status": 2
  },
  {
    "Id": 60,
    "Description": "Lorem ipsum dolor sit amet, consectetur adipiscing elit. Mauris tempus ligula quis sapien ullamcorper viverra.",
    "Type": 1,
    "Status": 3
  }
]
